x,l,err_fwd_rel,err_bwd_rel,err_fwd_abs,err_bwd_abs
0.10,0,0.000000000000000e+00,0.000000000000000e+00,0.000000000000000e+00,0.000000000000000e+00
0.10,1,0.000000000000000e+00,2.484363728065081e+01,0.000000000000000e+00,2.484363728065081e+00
0.10,2,0.000000000000000e+00,7.683599158964172e-01,0.000000000000000e+00,3.726545592097623e-01
0.10,3,0.000000000000000e+00,1.080768401474640e+01,0.000000000000000e+00,1.594133392175094e+00
0.10,4,0.000000000000000e+00,1.652566711412504e+00,0.000000000000000e+00,5.584642630379633e-01
0.10,5,1.552075693401028e-16,6.569319230790584e+00,2.775557561562891e-17,1.174783146393242e+00
0.10,6,0.000000000000000e+00,2.735866563297537e+00,0.000000000000000e+00,6.807637960370637e-01
0.10,7,1.391306133133790e-16,4.413837421763994e+00,2.775557561562891e-17,8.805294205016095e-01
0.10,8,1.539233837750254e-16,4.218969298780252e+00,2.775557561562891e-17,7.607675878764826e-01
0.10,9,0.000000000000000e+00,3.022845935066155e+00,0.000000000000000e+00,6.389922738469840e-01
0.10,10,0.000000000000000e+00,6.600609034730243e+00,0.000000000000000e+00,8.060993611197613e-01
0.10,11,0.000000000000000e+00,1.981621300907776e+00,0.000000000000000e+00,4.270103709198491e-01
0.10,12,1.964396978814886e-16,1.161794903452289e+01,1.387778780781446e-17,8.207680687860857e-01
0.10,13,1.306172794682170e-16,1.112134037666369e+00,2.775557561562891e-17,2.363234060825366e-01
0.10,14,9.864746999035943e-16,3.280859670360812e+01,2.428612866367530e-17,8.077184350458545e-01
0.10,15,1.366672121043116e-16,3.171500610617464e-01,2.775557561562891e-17,6.440961490150221e-02
0.10,16,1.279606520898895e-15,4.731459380838624e+01,2.081668171172169e-17,7.697153957426546e-01
0.10,17,0.000000000000000e+00,4.723503690707601e-01,0.000000000000000e+00,8.879452750157207e-02
0.10,18,5.346165888963051e-16,1.366971776657378e+01,2.775557561562891e-17,7.096878267427569e-01
0.10,19,0.000000000000000e+00,1.323508350759929e+00,0.000000000000000e+00,2.223234975777104e-01
0.10,20,1.690822723468956e-16,7.686067313979689e+00,1.387778780781446e-17,6.308503533779656e-01
0.10,21,0.000000000000000e+00,2.326411404776917e+00,0.000000000000000e+00,3.349026857335174e-01
0.10,22,1.303282315913686e-16,5.040384644522509e+00,1.387778780781446e-17,5.367170851037796e-01
0.10,23,1.187515204200317e-16,3.639711575258826e+00,1.387778780781446e-17,4.253515638741040e-01
0.10,24,2.221646889120428e-16,3.450311824297588e+00,2.775557561562891e-17,4.310558586324433e-01
0.10,25,1.582366061102027e-16,5.619257866925839e+00,1.387778780781446e-17,4.928244496110987e-01
0.10,26,2.021077635208293e-16,2.314177837936730e+00,2.775557561562891e-17,3.178073758767107e-01
0.10,27,3.620479443774716e-16,9.338849294914334e+00,2.081668171172169e-17,5.369561030383383e-01
0.10,28,1.931226061904327e-16,1.398438845844304e+00,2.775557561562891e-17,2.009835922128689e-01
0.10,29,8.907122052652287e-16,2.046302147736877e+01,2.428612866367530e-17,5.579440469202354e-01
0.10,30,1.923575112778294e-16,5.860017873724189e-01,2.775557561562891e-17,8.455514324479363e-02
0.10,31,1.296862068214749e-14,2.773978468089372e+02,2.602085213965211e-17,5.565841219806547e-01
0.10,32,1.991253117835240e-16,1.984733764847419e-01,2.775557561562891e-17,2.766470399654758e-02
0.10,33,1.062048301168222e-15,1.817194207068909e+01,3.122502256758253e-17,5.342688281031331e-01
0.10,34,0.000000000000000e+00,1.020381242054289e+00,0.000000000000000e+00,1.321334229463842e-01
0.10,35,6.414260638237103e-16,9.113674010780308e+00,3.469446951953614e-17,4.929548439193280e-01
0.10,36,0.000000000000000e+00,1.958568010178194e+00,0.000000000000000e+00,2.256846998597410e-01
0.10,37,5.524438583657750e-16,5.773517485197151e+00,4.163336342344337e-17,4.351047587059378e-01
0.10,38,1.425951827059860e-16,3.140281717483579e+00,1.387778780781446e-17,3.056215680290777e-01
0.10,39,2.995911394806942e-16,3.924746656137707e+00,2.775557561562891e-17,3.636075578718394e-01
0.10,40,1.811897965398515e-16,4.828061493062181e+00,1.387778780781446e-17,3.697935215080390e-01
0.10,41,1.315219242940469e-16,2.669546488430352e+00,1.387778780781446e-17,2.816823119672796e-01
0.10,42,5.147856597605460e-16,7.727739813434318e+00,2.775557561562891e-17,4.166547040751910e-01
0.10,43,0.000000000000000e+00,1.695109845256060e+00,0.000000000000000e+00,1.927695841392237e-01
0.10,44,8.040263530763592e-16,1.474231693488419e+01,2.428612866367530e-17,4.453010831191922e-01
0.10,45,0.000000000000000e+00,8.570195714884221e-01,0.000000000000000e+00,1.004151569414452e-01
0.10,46,3.812499899764572e-15,7.150328166286319e+01,2.428612866367530e-17,4.554853623593653e-01
0.10,47,1.197027548998005e-16,7.030388433261524e-02,1.387778780781446e-17,8.150709560944214e-03
0.10,48,1.245901465279763e-15,2.678990927782841e+01,2.081668171172169e-17,4.476092452441487e-01
0.10,49,2.517241910848927e-16,7.312047680308399e-01,2.775557561562891e-17,8.062399224373309e-02
0.10,50,5.448564043449901e-16,1.106359164826812e+01,2.081668171172169e-17,4.226935098750066e-01
0.50,0,0.000000000000000e+00,0.000000000000000e+00,0.000000000000000e+00,0.000000000000000e+00
0.50,1,0.000000000000000e+00,1.575776757174084e+01,0.000000000000000e+00,7.878883785870422e+00
0.50,2,0.000000000000000e+00,4.727330271522253e+01,0.000000000000000e+00,5.909162839402817e+00
0.50,3,0.000000000000000e+00,7.503698843686115e-01,0.000000000000000e+00,3.282868244112676e-01
0.50,4,0.000000000000000e+00,1.632561505180358e+01,0.000000000000000e+00,4.719123100911972e+00
0.50,5,0.000000000000000e+00,4.435012264394307e+01,0.000000000000000e+00,3.984581331291761e+00
0.50,6,0.000000000000000e+00,8.664391837029685e-01,0.000000000000000e+00,2.800696970758619e-01
0.50,7,2.487676974214793e-16,1.647102944869867e+01,5.551115123125783e-17,3.675420145534809e+00
0.50,8,7.538290110011837e-16,4.346404828689193e+01,5.551115123125783e-17,3.200645401497504e+00
0.50,9,0.000000000000000e+00,9.115702662791049e-01,0.000000000000000e+00,2.442083612832984e-01
0.50,10,0.000000000000000e+00,1.653616233598245e+01,0.000000000000000e+00,3.112578804566887e+00
0.50,11,4.345541621634321e-16,4.304103325802698e+01,2.775557561562891e-17,2.749090348647212e+00
0.50,12,2.374778476546230e-16,9.353991261622600e-01,5.551115123125783e-17,2.186523200660683e-01
0.50,13,1.673996461587410e-16,1.657294185863246e+01,2.775557561562891e-17,2.747864475737877e+00
0.50,14,4.854610593435975e-16,4.279406001443301e+01,2.775557561562891e-17,2.446692161543033e+00
0.50,15,2.643155295843882e-16,9.500960814354306e-01,5.551115123125783e-17,1.995377545304201e-01
0.50,16,1.852160456681777e-16,1.659653566943371e+01,2.775557561562891e-17,2.487076101147938e+00
0.50,17,5.315445314542637e-16,4.263234955276209e+01,2.775557561562891e-17,2.226126564497309e+00
0.50,18,2.886752043931413e-16,9.600578165212665e-01,5.551115123125783e-17,1.846154911562242e-01
0.50,19,2.014672110324188e-16,1.661294580546700e+01,2.775557561562891e-17,2.288719197228511e+00
0.50,20,5.739558480454395e-16,4.251830717481580e+01,2.775557561562891e-17,2.056116500699385e+00
0.50,21,3.111369928193433e-16,9.672523473111384e-01,5.551115123125783e-17,1.725712228682298e-01
0.50,22,0.000000000000000e+00,1.662501569132775e+01,0.000000000000000e+00,2.131305809379729e+00
0.50,23,1.226903029373158e-15,4.243358577102720e+01,5.551115123125783e-17,1.919904948171428e+00
0.50,24,3.320850393951816e-16,9.726909012129583e-01,5.551115123125783e-17,1.625944722377169e-01
0.50,25,1.152820987936018e-16,1.663426445204939e+01,1.387778780781446e-17,2.002451333037533e+00
0.50,26,6.505598104050572e-16,4.236817532636029e+01,2.775557561562891e-17,1.807601814865929e+00
0.50,27,3.517892252821610e-16,9.769458952782656e-01,5.551115123125783e-17,1.541587616677310e-01
0.50,28,2.438155747962994e-16,1.664157689343152e+01,2.775557561562891e-17,1.894450533830097e+00
0.50,29,3.428333776384778e-16,4.231615360046387e+01,1.387778780781446e-17,1.712944651291768e+00
0.50,30,1.852238580200862e-16,9.803655039222420e-01,2.775557561562891e-17,1.469066089321880e-01
0.50,31,2.563835798276112e-16,1.664750307470439e+01,2.775557561562891e-17,1.802225519715638e+00
0.50,32,0.000000000000000e+00,4.227379396203409e+01,0.000000000000000e+00,1.631749968567024e+00
0.50,33,1.941055446833161e-16,9.831736098191259e-01,2.775557561562891e-17,1.405861409840042e-01
0.50,34,2.683640839324326e-16,1.665240284804749e+01,2.775557561562891e-17,1.722276020166939e+00
0.50,35,5.632353489585145e-16,4.223863469464844e+01,2.081668171172169e-17,1.561102682922950e+00
0.50,36,4.051969376098578e-16,9.855206950695382e-01,5.551115123125783e-17,1.350143183910591e-01
0.50,37,5.596649071514278e-16,1.665652149370762e+01,5.551115123125783e-17,1.652100519094591e+00
0.50,38,1.953989334339416e-16,4.220898452208939e+01,6.938893903907228e-18,1.498901044357315e+00
0.50,39,4.214991718311040e-16,9.875116305552404e-01,5.551115123125783e-17,1.300546030214827e-01
0.50,40,7.271230189084974e-16,1.666003193728136e+01,6.938893903907228e-17,1.589857438732097e+00
0.50,41,6.082929829505126e-16,4.218364318682192e+01,2.081668171172169e-17,1.443586393848552e+00
0.50,42,4.371942024514433e-16,9.892217333488921e-01,5.551115123125783e-17,1.256028486500257e-01
0.50,43,9.043914412636373e-16,1.666305958748206e+01,8.326672684688674e-17,1.534156967657332e+00
0.50,44,1.259229678476432e-15,4.216173537312802e+01,4.163336342344337e-17,1.393975127298701e+00
0.50,45,3.392588920219161e-16,9.907064889059933e-01,4.163336342344337e-17,1.215780758251202e-01
0.50,46,9.351519669636456e-16,1.666569760290561e+01,8.326672684688674e-17,1.483927895184446e+00
0.50,47,1.300476854257667e-15,4.214260774662763e+01,4.163336342344337e-17,1.349150119960025e+00
0.50,48,3.502537881150191e-16,9.920076733474328e-01,4.163336342344337e-17,1.179162578243281e-01
0.50,49,8.041106089593062e-16,1.666801662972516e+01,6.938893903907228e-17,1.438329474746146e+00
0.50,50,1.005342180940042e-15,4.212576279940046e+01,3.122502256758253e-17,1.308388247330843e+00
0.90,0,0.000000000000000e+00,0.000000000000000e+00,0.000000000000000e+00,0.000000000000000e+00
0.90,1,0.000000000000000e+00,9.816501815743536e-02,0.000000000000000e+00,8.834851634169183e-02
0.90,2,0.000000000000000e+00,1.668118840017956e-01,0.000000000000000e+00,1.192704970612839e-01
0.90,3,3.524517538492560e-16,2.539825072962213e-01,1.665334536937735e-16,1.200067346974646e-01
0.90,4,4.004411270063682e-16,4.787868198499251e-01,8.326672684688674e-17,9.955773435254386e-02
0.90,5,1.686602595669128e-16,1.586683484170987e+00,6.938893903907228e-18,6.527814189314940e-02
0.90,6,3.452696876403999e-16,1.026028902869975e-01,8.326672684688674e-17,2.474415549657666e-02
0.90,7,3.018345798925625e-16,3.967812091731038e-02,1.110223024625157e-16,1.459460457842143e-02
0.90,8,1.354968544314112e-16,1.129634456261578e-01,5.551115123125783e-17,4.627953128559065e-02
0.90,9,3.004577858436136e-16,1.778088141785123e-01,1.110223024625157e-16,6.570222133801840e-02
0.90,10,1.054761080263639e-15,2.686695712702537e-01,2.775557561562891e-16,7.069922033097981e-02
0.90,11,3.104827035695290e-15,5.313055704547968e-01,3.608224830031759e-16,6.174482280684856e-02
0.90,12,9.025103821643505e-15,1.023399178346763e+00,3.677613769070831e-16,4.170220070508234e-02
0.90,13,1.717156558094831e-15,8.538594062017817e-02,3.053113317719180e-16,1.518166478324384e-02
0.90,14,6.150301851962847e-16,4.569306450544235e-02,1.665334536937735e-16,1.237243963808893e-02
0.90,15,3.637719415702198e-16,1.169655512918505e-01,1.110223024625157e-16,3.569759876796885e-02
0.90,16,0.000000000000000e+00,1.819672415209964e-01,0.000000000000000e+00,5.064852569093731e-02
0.90,17,6.972734727251839e-16,2.757795111256451e-01,1.387778780781446e-16,5.488821369019620e-02
0.90,18,2.274357355083048e-15,5.644617607418276e-01,1.942890293094024e-16,4.821965524973595e-02
0.90,19,4.288344134433152e-15,8.372032284678946e-01,1.665334536937735e-16,3.251193017856183e-02
0.90,20,5.576834169534547e-16,7.534591077833754e-02,8.326672684688674e-17,1.124976497612687e-02
0.90,21,2.463099148270061e-16,4.967937713686842e-02,5.551115123125783e-17,1.119629885486456e-02
0.90,22,6.558323635044279e-16,1.198523046417542e-01,1.665334536937735e-16,3.043371955372381e-02
0.90,23,1.078772406829728e-15,1.851803796732999e-01,2.498001805406602e-16,4.288030726603453e-02
0.90,24,2.189757911638116e-15,2.816582290327934e-01,3.608224830031759e-16,4.641089365073386e-02
0.90,25,5.480482214535449e-15,5.953452364727840e-01,3.747002708109903e-16,4.070372142450136e-02
0.90,26,9.192901519921110e-15,7.215554821629843e-01,3.469446951953614e-16,2.723186431216408e-02
0.90,27,1.885105007248163e-15,6.726492603995596e-02,2.498001805406602e-16,8.913450764932995e-03
0.90,28,5.610850035021703e-16,5.307298265896430e-02,1.110223024625157e-16,1.050159012729449e-02
0.90,29,3.749346597650713e-16,1.224002034373319e-01,8.326672684688674e-17,2.718304120511494e-02
0.90,30,1.375315684086910e-15,1.881075998993016e-01,2.775557561562891e-16,3.796244581000213e-02
0.90,31,2.921969192043545e-15,2.872190565745160e-01,4.163336342344337e-16,4.092409802631197e-02
0.90,32,7.431317217548300e-15,6.274150038001344e-01,4.232725281383409e-16,3.573626681193193e-02
0.90,33,9.141087678576061e-15,6.362809248779888e-01,3.400058012914542e-16,2.366668095927377e-02
0.90,34,1.602387384098225e-15,6.011027763143204e-02,1.942890293094024e-16,7.288354619131049e-03
0.90,35,3.101198174769938e-16,5.619508518134934e-02,5.551115123125783e-17,1.005886659335054e-02
0.90,36,1.388878575442043e-16,1.248007671270750e-01,2.775557561562891e-17,2.494038852735239e-02
0.90,37,6.144261028237591e-16,1.909265770821956e-01,1.110223024625157e-16,3.449903591584955e-02
0.90,38,1.756895610574522e-15,2.927343235219956e-01,2.220446049250313e-16,3.699711970546853e-02
0.90,39,5.577862625040362e-15,6.621823455954067e-01,2.706168622523819e-16,3.212659053299195e-02
0.90,40,6.941254226402540e-15,5.686480391700309e-01,2.567390744445674e-16,2.103282295956139e-02
0.90,41,1.717876918486583e-15,5.353190871281106e-02,1.942890293094024e-16,6.054370059325548e-03
0.90,42,6.726720032849050e-16,5.915847538492536e-02,1.110223024625157e-16,9.763911855009494e-03
0.90,43,0.000000000000000e+00,1.271241779204411e-01,0.000000000000000e+00,2.328425114883489e-02
0.90,44,6.742988640987625e-16,1.937058450061821e-01,1.110223024625157e-16,3.189337852700824e-02
0.90,45,1.948047939727754e-15,2.983194962032366e-01,2.220446049250313e-16,3.400339043254723e-02
0.90,46,7.126105144223348e-15,7.007532197937025e-01,2.983724378680108e-16,2.934077484152707e-02
0.90,47,8.253192033690600e-15,5.128422669516676e-01,3.053113317719180e-16,1.897163604975836e-02
0.90,48,2.207109146855263e-15,4.737226601400422e-02,2.359223927328458e-16,5.063718014636842e-03
0.90,49,7.199694549730878e-16,6.201371572288187e-02,1.110223024625157e-16,9.562774443073574e-03
0.90,50,0.000000000000000e+00,1.294025554054843e-01,0.000000000000000e+00,2.200330771190123e-02
0.99,0,0.000000000000000e+00,0.000000000000000e+00,0.000000000000000e+00,0.000000000000000e+00
0.99,1,0.000000000000000e+00,1.168777118991754e-01,0.000000000000000e+00,1.157089347801836e-01
0.99,2,1.144382852780659e-16,1.771146401572671e-01,1.110223024625157e-16,1.718277681485727e-01
0.99,3,1.180149853839799e-16,2.193750475995836e-01,1.110223024625157e-16,2.063765275916892e-01
0.99,4,2.461057367783862e-16,2.534562841090956e-01,2.220446049250313e-16,2.286765079411720e-01
0.99,5,2.596465105518013e-16,2.834493366225322e-01,2.220446049250313e-16,2.424003150778170e-01
0.99,6,4.161817486522325e-16,3.116272906413153e-01,3.330669073875470e-16,2.493928152485944e-01
0.99,7,7.517943107919497e-16,3.396003007500752e-01,5.551115123125783e-16,2.507548059689298e-01
0.99,8,9.936861135111437e-16,3.688205186172365e-01,6.661338147750939e-16,2.472448952373058e-01
0.99,9,1.487124445921084e-15,4.009319172934254e-01,8.881784197001252e-16,2.394547932324910e-01
0.99,10,2.348146619777108e-15,4.381827759129217e-01,1.221245327087672e-15,2.278940603567404e-01
0.99,11,3.027758396944986e-15,4.841476683104792e-01,1.332267629550188e-15,2.130335984083384e-01
0.99,12,4.029448102055426e-15,5.453273728495592e-01,1.443289932012704e-15,1.953283643194768e-01
0.99,13,5.435168480405456e-15,6.354397694710484e-01,1.498801083243961e-15,1.752287566159224e-01
0.99,14,7.872766768795095e-15,7.900087455910542e-01,1.526556658859590e-15,1.531854234421718e-01
0.99,15,1.317565052929705e-14,1.139726887983964e+00,1.498801083243961e-15,1.296500609601227e-01
0.99,16,3.925603601113835e-14,2.885645350247921e+00,1.429412144204889e-15,1.050736887020993e-01
0.99,17,3.592224185087635e-14,2.154451786200366e+00,1.332267629550188e-15,7.990331967856586e-02
0.99,18,1.154480102271858e-14,5.159388135618419e-01,1.221245327087672e-15,5.457762882925662e-02
0.99,19,6.577026037310979e-15,1.748902984030190e-01,1.110223024625157e-15,2.952204156849914e-02
0.99,20,4.433393011675864e-15,2.282163656728235e-02,9.992007221626409e-16,5.143553860193856e-03
0.99,21,2.827425380205467e-15,6.612181445297069e-02,7.771561172376096e-16,1.817447524689125e-02
0.99,22,1.752661347949342e-15,1.265368272626141e-01,5.551115123125783e-16,4.007736556019231e-02
0.99,23,1.108419642961868e-15,1.718456495643448e-01,3.885780586188048e-16,6.024383392499821e-02
0.99,24,5.903267625172777e-16,2.084079775447186e-01,2.220446049250313e-16,7.839025769357261e-02
0.99,25,2.822750999385258e-16,2.396933603837890e-01,1.110223024625157e-16,9.427437546061002e-02
0.99,26,1.380493714492669e-16,2.678324528759809e-01,5.551115123125783e-17,1.076983374871879e-01
0.99,27,0.000000000000000e+00,2.942983325030170e-01,0.000000000000000e+00,1.185110372584032e-01
0.99,28,2.808282819520028e-16,3.202561682183345e-01,1.110223024625157e-16,1.266096738059279e-01
0.99,29,8.754081829765282e-16,3.467825873971307e-01,3.330669073875470e-16,1.319405120563180e-01
0.99,30,1.702724406559383e-15,3.750506601263658e-01,6.106226635438361e-16,1.344988256279209e-01
0.99,31,2.688124946346709e-15,4.065517716288757e-01,8.881784197001252e-16,1.343280231606646e-01
0.99,32,4.304963233730302e-15,4.434518703591731e-01,1.276756478318930e-15,1.315179753145345e-01
0.99,33,5.810862922682111e-15,4.892883193067229e-01,1.498801083243961e-15,1.262025748590614e-01
0.99,34,7.991373176727041e-15,5.505606068142456e-01,1.720845688168993e-15,1.185565766182914e-01
0.99,35,1.112076562491490e-14,6.410200419346930e-01,1.887379141862766e-15,1.087917772453543e-01
0.99,36,1.615078882542324e-14,7.962319661015326e-01,1.970645868709653e-15,9.715260669265979e-02
0.99,37,2.730200312604022e-14,1.146388391450006e+00,1.998401444325282e-15,8.391121364448025e-02
0.99,38,8.295075321230146e-14,2.864204198199759e+00,2.008809785181143e-15,6.936213593353278e-02
0.99,39,8.216294835415467e-14,2.243799877292791e+00,1.970645868709653e-15,5.381665394161422e-02
0.99,40,2.676853587273284e-14,5.332340224279577e-01,1.887379141862766e-15,3.759693008414672e-02
0.99,41,1.551369634873122e-14,1.836644852437020e-01,1.776356839400250e-15,2.103004062885754e-02
0.99,42,1.055227335641256e-14,2.862352044800085e-02,1.637578961322106e-15,4.442007262457304e-03
0.99,43,7.522685984784173e-15,6.175423980568146e-02,1.443289932012704e-15,1.184806500642407e-02
0.99,44,5.578328908400343e-15,1.229716476014328e-01,1.249000902703301e-15,2.753363980202203e-02
0.99,45,3.983958963240007e-15,1.687603002067936e-01,9.992007221626409e-16,4.232609205941104e-02
0.99,46,2.243590474643888e-15,2.056106698910981e-01,6.106226635438361e-16,5.595964875089901e-02
0.99,47,9.648053620167117e-16,2.370540463746013e-01,2.775557561562891e-16,6.819584310132681e-02
0.99,48,0.000000000000000e+00,2.652504714990265e-01,0.000000000000000e+00,7.882740734140689e-02
0.99,49,1.292654958367734e-15,2.916839355055249e-01,3.885780586188048e-16,8.768153996186970e-02
0.99,50,2.607838353610443e-15,3.175168634024522e-01,7.771561172376096e-16,9.462249543867818e-02
